col 1,col 2,col 3
0.120142215,0.285444053,0.344491858
0.077887127,0.529996329,0.67339119
0.112001654,0.608608568,0.150083349
0.117459761,0.074818392,0.488549226
0.242915636,0.755172042,0.612414547
0.709569264,0.677847698,0.09330521
